job_id,prompt_idx,config,psnr,ssim,mse,lpips
000000000000,0,improved_fp16_cache,38.58124542236328,0.9943255186080933,0.0001386358344461769,0.0027139505837112665
000000000000,1,improved_fp16_cache,42.90510940551758,0.9962085485458374,5.122582660987973e-05,0.0013691427884623408
000000000000,2,improved_fp16_cache,45.818172454833984,0.9977606534957886,2.6192828954663128e-05,0.000614769000094384
000000000001,0,improved_fp16_cache,44.134525299072266,0.9965264201164246,3.859642310999334e-05,0.0012598040048033
000000000001,1,improved_fp16_cache,45.144771575927734,0.9969292879104614,3.0586019420297816e-05,0.0014963502762839198
000000000001,2,improved_fp16_cache,43.60723876953125,0.9965438842773438,4.3578853365033865e-05,0.0011872132308781147
000000000002,0,improved_fp16_cache,47.72794723510742,0.9978898763656616,1.687350777501706e-05,0.0005480967229232192
000000000002,1,improved_fp16_cache,51.315887451171875,0.9984302520751953,7.3860333031916525e-06,0.00036245782393962145
000000000002,2,improved_fp16_cache,50.92033386230469,0.998346209526062,8.09032644610852e-06,0.0003381656715646386
000000000003,0,improved_fp16_cache,49.47352600097656,0.9980103373527527,1.1288786481600255e-05,0.0006926764617674053
000000000003,1,improved_fp16_cache,47.94365310668945,0.99745774269104,1.6055892047006637e-05,0.0008676003781147301
000000000003,2,improved_fp16_cache,50.03342819213867,0.9982234835624695,9.92331752058817e-06,0.000496156804729253
000000000004,0,improved_fp16_cache,51.238922119140625,0.9977366328239441,7.518088295910275e-06,0.0006868337513878942
000000000004,1,improved_fp16_cache,50.82377624511719,0.997700572013855,8.272228114947211e-06,0.0006701904931105673
000000000004,2,improved_fp16_cache,50.732120513916016,0.997748076915741,8.448652806691825e-06,0.0008122029830701649
000000000005,0,improved_fp16_cache,53.61268615722656,0.9981231093406677,4.3524214561330155e-06,0.0006136730662547052
000000000005,1,improved_fp16_cache,50.813621520996094,0.9972076416015625,8.291586709674448e-06,0.0006794394575990736
000000000005,2,improved_fp16_cache,49.99690246582031,0.9975665807723999,1.000712927634595e-05,0.0008891585748642683
000000000006,0,improved_fp16_cache,49.187442779541016,0.9977380037307739,1.2057455023750663e-05,0.0005575722316280007
000000000006,1,improved_fp16_cache,50.98343276977539,0.9978369474411011,7.97364191384986e-06,0.0004393354174681008
000000000006,2,improved_fp16_cache,51.01959228515625,0.9980384111404419,7.907526196504477e-06,0.00045214834972284734
000000000007,0,improved_fp16_cache,49.23662185668945,0.9980297088623047,1.192168565467e-05,0.0005167812923900783
000000000007,1,improved_fp16_cache,49.56619644165039,0.9977735877037048,1.1050450666516554e-05,0.0005832572933286428
000000000007,2,improved_fp16_cache,47.05311965942383,0.99721759557724,1.9710043488885276e-05,0.0009401315473951399
000000000008,0,improved_fp16_cache,51.062767028808594,0.9983533620834351,7.829306014173198e-06,0.0006280558882281184
000000000008,1,improved_fp16_cache,49.26233673095703,0.9979864954948425,1.1851306226162706e-05,0.0008835006738081574
000000000008,2,improved_fp16_cache,50.370582580566406,0.998363733291626,9.182082976622041e-06,0.0004995491472072899
000000000009,0,improved_fp16_cache,51.54094696044922,0.9979639053344727,7.013020422164118e-06,0.0003606717800721526
000000000009,1,improved_fp16_cache,49.94254684448242,0.997585654258728,1.0133161595149431e-05,0.0005490058683790267
000000000009,2,improved_fp16_cache,51.85520553588867,0.9983510375022888,6.523479441966629e-06,0.0003892890817951411
000000000010,0,improved_fp16_cache,50.23992919921875,0.9981722831726074,9.462522029934917e-06,0.000615299679338932
000000000010,1,improved_fp16_cache,44.88138961791992,0.9970083236694336,3.249832661822438e-05,0.0013583417749032378
000000000010,2,improved_fp16_cache,45.00096893310547,0.9967740774154663,3.1615712941857055e-05,0.0013397794682532549
000000000011,0,improved_fp16_cache,49.87078094482422,0.9975590705871582,1.0302000191586558e-05,0.0006770275649614632
000000000011,1,improved_fp16_cache,50.37160110473633,0.9973758459091187,9.17993293114705e-06,0.0007959272479638457
000000000011,2,improved_fp16_cache,50.50154495239258,0.9972307085990906,8.909330063033849e-06,0.0005866200663149357
000000000012,0,improved_fp16_cache,48.66811752319336,0.9988932609558105,1.3589025002147537e-05,0.0002530560304876417
000000000012,1,improved_fp16_cache,44.89805221557617,0.9980539679527283,3.237387863919139e-05,0.0006082341424189508
000000000012,2,improved_fp16_cache,39.63882064819336,0.9958707690238953,0.00010867201490327716,0.0021731634624302387
000000000013,0,improved_fp16_cache,50.737091064453125,0.9981884360313416,8.438993063464295e-06,0.00021338652004487813
000000000013,1,improved_fp16_cache,46.96643829345703,0.9978530406951904,2.010740172408987e-05,0.0006777637172490358
000000000013,2,improved_fp16_cache,49.057003021240234,0.9980236291885376,1.2425090062606614e-05,0.0003549675748217851
000000000014,0,improved_fp16_cache,51.428253173828125,0.9980130195617676,7.19738500265521e-06,0.0004835027502849698
000000000014,1,improved_fp16_cache,52.565513610839844,0.9979295134544373,5.53921609025565e-06,0.00047587163862772286
000000000014,2,improved_fp16_cache,47.76573944091797,0.9978951215744019,1.6727293768781237e-05,0.0005504210712388158
000000000015,0,improved_fp16_cache,48.980587005615234,0.9981883764266968,1.2645650713238865e-05,0.00048027292359620333
000000000015,1,improved_fp16_cache,51.54579544067383,0.998452365398407,7.005197858234169e-06,0.00039871191256679595
000000000015,2,improved_fp16_cache,36.98126983642578,0.9912649989128113,0.00020038856018800288,0.009896108880639076
000000000016,0,improved_fp16_cache,44.215171813964844,0.9974459409713745,3.788636240642518e-05,0.0011016681091859937
000000000016,1,improved_fp16_cache,51.28662109375,0.9983958601951599,7.4359759310027584e-06,0.0003079958551097661
000000000016,2,improved_fp16_cache,44.95538330078125,0.9974046945571899,3.1949301046552137e-05,0.0010099923238158226
000000000017,0,improved_fp16_cache,51.51384353637695,0.9978084564208984,7.056922186166048e-06,0.0007596564246341586
000000000017,1,improved_fp16_cache,51.28398132324219,0.998543918132782,7.440492936439114e-06,0.0004787860088981688
000000000017,2,improved_fp16_cache,49.3891487121582,0.9986507296562195,1.1510247531987261e-05,0.0005000122473575175
000000000018,0,improved_fp16_cache,48.830177307128906,0.9981611967086792,1.3091271284793038e-05,0.0005180784501135349
000000000018,1,improved_fp16_cache,50.15178680419922,0.9977819323539734,9.656528163759504e-06,0.0004112956812605262
000000000018,2,improved_fp16_cache,46.30781936645508,0.9970781207084656,2.34000963246217e-05,0.0008457568474113941
000000000019,0,improved_fp16_cache,50.77017593383789,0.998684823513031,8.374950084544253e-06,0.0005206489586271346
000000000019,1,improved_fp16_cache,43.145545959472656,0.9973866939544678,4.8466910811839625e-05,0.001457597129046917
000000000019,2,improved_fp16_cache,48.60243225097656,0.9987602233886719,1.3796113307762425e-05,0.0005430668243207037
000000000020,0,improved_fp16_cache,48.7509880065918,0.9978413581848145,1.3332169146451633e-05,0.0004292328667361289
000000000020,1,improved_fp16_cache,49.49989318847656,0.997623860836029,1.1220461601624265e-05,0.0005852752947248518
000000000020,2,improved_fp16_cache,50.3105583190918,0.9978672862052917,9.309876077168155e-06,0.00041790810064412653
000000000021,0,improved_fp16_cache,50.67658996582031,0.9985074996948242,8.55737835081527e-06,0.00025016325525939465
000000000021,1,improved_fp16_cache,51.898746490478516,0.9985123872756958,6.458400548581267e-06,0.0002515192318242043
000000000021,2,improved_fp16_cache,43.837310791015625,0.9981347918510437,4.1330335079692304e-05,0.00042819592636078596
000000000022,0,improved_fp16_cache,47.14485168457031,0.9985215067863464,1.9298096958664246e-05,0.00033651955891400576
000000000022,1,improved_fp16_cache,41.282493591308594,0.9965125918388367,7.443044887622818e-05,0.0010451937559992075
000000000022,2,improved_fp16_cache,45.553836822509766,0.9981265068054199,2.7836606022901833e-05,0.00048471035552211106
000000000023,0,improved_fp16_cache,49.94029235839844,0.9983155727386475,1.013842393149389e-05,0.0005873515619896352
000000000023,1,improved_fp16_cache,48.704280853271484,0.9974899291992188,1.3476329513650853e-05,0.0008175586117431521
000000000023,2,improved_fp16_cache,46.27162551879883,0.9970604777336121,2.3595939637743868e-05,0.0010839052265509963
000000000024,0,improved_fp16_cache,48.72968292236328,0.997790515422821,1.3397737347986549e-05,0.0006916224374435842
000000000024,1,improved_fp16_cache,46.68379592895508,0.9959627985954285,2.1459532945300452e-05,0.0013321003643795848
000000000024,2,improved_fp16_cache,48.10594940185547,0.9973912239074707,1.5466954209841788e-05,0.0008295197039842606
000000000025,0,improved_fp16_cache,50.90032196044922,0.9982816576957703,8.127696673909668e-06,0.00040092639392241836
000000000025,1,improved_fp16_cache,47.17059326171875,0.9980993270874023,1.918405178003013e-05,0.0007198057137429714
000000000025,2,improved_fp16_cache,50.418601989746094,0.9984885454177856,9.081121788767632e-06,0.0003446765476837754
000000000026,0,improved_fp16_cache,48.30967712402344,0.9975018501281738,1.47581622513826e-05,0.0010674702934920788
000000000026,1,improved_fp16_cache,51.71949005126953,0.9982163310050964,6.730548193445429e-06,0.0005253322306089103
000000000026,2,improved_fp16_cache,50.8950309753418,0.9981894493103027,8.137610166158993e-06,0.0005523409927263856
000000000027,0,improved_fp16_cache,50.1811637878418,0.9981648325920105,9.591429261490703e-06,0.00041841078200377524
000000000027,1,improved_fp16_cache,49.14173889160156,0.9979556798934937,1.2185012565169018e-05,0.0005052540800534189
000000000027,2,improved_fp16_cache,50.164249420166016,0.9981783628463745,9.628857696952764e-06,0.00037205341504886746
000000000028,0,improved_fp16_cache,53.05914306640625,0.9976867437362671,4.9440786824561656e-06,0.00039518906851299107
000000000028,1,improved_fp16_cache,52.9598503112793,0.9982165098190308,5.058416718384251e-06,0.0002869179006665945
000000000028,2,improved_fp16_cache,51.035579681396484,0.9979934096336365,7.878466021793429e-06,0.0003505490021780133
000000000029,0,improved_fp16_cache,52.891571044921875,0.9980159997940063,5.138573669682955e-06,0.000548127805814147
000000000029,1,improved_fp16_cache,52.912845611572266,0.9984391927719116,5.113464339956408e-06,0.0003595604794099927
000000000029,2,improved_fp16_cache,52.41096115112305,0.9983892440795898,5.739890184486285e-06,0.00035704547190107405
000000000030,0,improved_fp16_cache,46.55344009399414,0.9969056844711304,2.2113415980129503e-05,0.0019000493921339512
000000000030,1,improved_fp16_cache,47.313026428222656,0.9973926544189453,1.8565095160738565e-05,0.0013175359927117825
000000000030,2,improved_fp16_cache,43.62446212768555,0.9963122606277466,4.340641316957772e-05,0.0020080828107893467
000000000031,0,improved_fp16_cache,53.82303237915039,0.9983128905296326,4.1466441871307325e-06,0.000257832114584744
000000000031,1,improved_fp16_cache,54.51997375488281,0.9981220960617065,3.531853508320637e-06,0.0002595231053419411
000000000031,2,improved_fp16_cache,51.63868713378906,0.9984075427055359,6.856952040834585e-06,0.00048506841994822025
000000000032,0,improved_fp16_cache,48.84286117553711,0.9978703260421753,1.3053099792159628e-05,0.00042676692828536034
000000000032,1,improved_fp16_cache,51.969486236572266,0.9983317255973816,6.3540551309415605e-06,0.0003418171836528927
000000000032,2,improved_fp16_cache,42.419193267822266,0.9952647089958191,5.7290191762149334e-05,0.0016496756579726934
000000000033,0,improved_fp16_cache,52.42400360107422,0.9981133937835693,5.722681180486688e-06,0.00022324670862872154
000000000033,1,improved_fp16_cache,53.52437973022461,0.9988206624984741,4.441827059054049e-06,0.00016347173368558288
000000000033,2,improved_fp16_cache,47.81724166870117,0.9978834986686707,1.6530100765521638e-05,0.0012095535639673471
000000000034,0,improved_fp16_cache,47.81795883178711,0.9976048469543457,1.652738319535274e-05,0.0013160284142941236
000000000034,1,improved_fp16_cache,45.5951042175293,0.9975501298904419,2.7573354600463063e-05,0.0014043620321899652
000000000034,2,improved_fp16_cache,47.22609329223633,0.9972085356712341,1.8940456357086077e-05,0.001115678925998509
000000000035,0,improved_fp16_cache,49.91657638549805,0.997261643409729,1.0193940397584811e-05,0.0013150193262845278
000000000035,1,improved_fp16_cache,49.34364318847656,0.9974982738494873,1.1631488632701803e-05,0.0010919729247689247
000000000035,2,improved_fp16_cache,50.06560516357422,0.9981590509414673,9.850064088823274e-06,0.0007017902098596096
000000000036,0,improved_fp16_cache,51.7845344543457,0.9980127215385437,6.630504230997758e-06,0.0006979660829529166
000000000036,1,improved_fp16_cache,50.137855529785156,0.9974751472473145,9.6875619419734e-06,0.0007494555320590734
000000000036,2,improved_fp16_cache,53.135826110839844,0.9983484745025635,4.857547082792735e-06,0.000325498083839193
000000000037,0,improved_fp16_cache,47.72654342651367,0.9979643821716309,1.6878962924238294e-05,0.0007184330024756491
000000000037,1,improved_fp16_cache,49.60951232910156,0.9980561137199402,1.0940784704871476e-05,0.0007055522873997688
000000000037,2,improved_fp16_cache,48.12660598754883,0.9979579448699951,1.5393563444376923e-05,0.0007770736701786518
000000000038,0,improved_fp16_cache,45.718448638916016,0.9974921941757202,2.6801242711371742e-05,0.0006989069515839219
000000000038,1,improved_fp16_cache,49.81136703491211,0.9981070756912231,1.0443910468893591e-05,0.00035191403003409505
000000000038,2,improved_fp16_cache,44.6291389465332,0.996975302696228,3.444180401857011e-05,0.0014873783802613616
000000000039,0,improved_fp16_cache,39.403865814208984,0.993706226348877,0.00011471307516330853,0.003903981065377593
000000000039,1,improved_fp16_cache,46.031883239746094,0.9969951510429382,2.4935108740464784e-05,0.00163959339261055
000000000039,2,improved_fp16_cache,41.1645393371582,0.9946266412734985,7.647960592294112e-05,0.0023902070242911577
000000000040,0,improved_fp16_cache,51.66067886352539,0.9983620643615723,6.822319846833125e-06,0.0005077177775092423
000000000040,1,improved_fp16_cache,52.52463150024414,0.9984868764877319,5.591604804067174e-06,0.0005248633679002523
000000000040,2,improved_fp16_cache,48.63139724731445,0.998081386089325,1.3704399862035643e-05,0.0009081807220354676
000000000041,0,improved_fp16_cache,48.54902648925781,0.9978324770927429,1.396680818288587e-05,0.0007052254513837397
000000000041,1,improved_fp16_cache,46.92637634277344,0.9972718954086304,2.029374081757851e-05,0.0010005421936511993
000000000041,2,improved_fp16_cache,47.54680633544922,0.9978855848312378,1.7592154108569957e-05,0.000790129357483238
000000000042,0,improved_fp16_cache,52.10429382324219,0.9978914260864258,6.159854365250794e-06,0.0012910976074635983
000000000042,1,improved_fp16_cache,53.462547302246094,0.9978303909301758,4.505518063524505e-06,0.0013808014336973429
000000000042,2,improved_fp16_cache,50.993953704833984,0.9978091716766357,7.954341526783537e-06,0.0014184366445988417
000000000043,0,improved_fp16_cache,49.51390075683594,0.9976609945297241,1.1184322829649318e-05,0.0005879293894395232
000000000043,1,improved_fp16_cache,47.596588134765625,0.9967066645622253,1.739165782055352e-05,0.0011720166075974703
000000000043,2,improved_fp16_cache,49.81062698364258,0.9974198341369629,1.0445692169014364e-05,0.0008194980910047889
000000000044,0,improved_fp16_cache,48.71926498413086,0.9987072944641113,1.342990708508296e-05,0.00042060407577082515
000000000044,1,improved_fp16_cache,46.11125564575195,0.9977105855941772,2.4483524612151086e-05,0.000708117033354938
000000000044,2,improved_fp16_cache,47.456382751464844,0.9982358813285828,1.796227297745645e-05,0.0007234429940581322
000000000045,0,improved_fp16_cache,45.625633239746094,0.9980984926223755,2.7380208848626353e-05,0.0008069650502875447
000000000045,1,improved_fp16_cache,49.748619079589844,0.9983489513397217,1.0595892490528058e-05,0.0007880583289079368
000000000045,2,improved_fp16_cache,46.62054443359375,0.9983236193656921,2.1774367269244976e-05,0.0005527648609131575
000000000046,0,improved_fp16_cache,54.46102523803711,0.9977877140045166,3.580115617296542e-06,0.0005625524208880961
000000000046,1,improved_fp16_cache,54.92374801635742,0.9982209205627441,3.218288838979788e-06,0.00048918800894171
000000000046,2,improved_fp16_cache,54.64748764038086,0.9980406165122986,3.4296590456506237e-06,0.0006886738119646907
000000000047,0,improved_fp16_cache,45.35178756713867,0.9981352686882019,2.9162261853343807e-05,0.0005142554873600602
000000000047,1,improved_fp16_cache,36.86770248413086,0.9910892844200134,0.0002056979137705639,0.003617769107222557
000000000047,2,improved_fp16_cache,45.20155334472656,0.9982756972312927,3.0188703021849506e-05,0.0005121991853229702
000000000048,0,improved_fp16_cache,54.167999267578125,0.998106837272644,3.830009518424049e-06,0.00038943433901295066
000000000048,1,improved_fp16_cache,54.47085952758789,0.9981102347373962,3.5720197502087103e-06,0.00033581280149519444
000000000048,2,improved_fp16_cache,53.17460250854492,0.9977929592132568,4.814370186068118e-06,0.00037897410220466554
000000000049,0,improved_fp16_cache,50.76468276977539,0.9979485869407654,8.385549335798714e-06,0.0003608287079259753
000000000049,1,improved_fp16_cache,47.32284164428711,0.9974588751792908,1.8523189282859676e-05,0.0007203736458905041
000000000049,2,improved_fp16_cache,46.32298278808594,0.9973248243331909,2.3318532839766704e-05,0.000930043519474566
000000000050,0,improved_fp16_cache,46.258968353271484,0.9962003231048584,2.3664812033530325e-05,0.0017166362376883626
000000000050,1,improved_fp16_cache,50.32075119018555,0.9972683787345886,9.288053661293816e-06,0.0012488598003983498
000000000050,2,improved_fp16_cache,48.78691482543945,0.9976608157157898,1.3222349480201956e-05,0.0011197470594197512
000000000051,0,improved_fp16_cache,45.009735107421875,0.997431755065918,3.1551942811347544e-05,0.00118159968405962
000000000051,1,improved_fp16_cache,45.3177604675293,0.9973806142807007,2.9391640055109747e-05,0.0013125226832926273
000000000051,2,improved_fp16_cache,47.285884857177734,0.9978758692741394,1.8681486835703254e-05,0.0006240406073629856
000000000052,0,improved_fp16_cache,55.289485931396484,0.9989041090011597,2.958362756544375e-06,0.000141340380650945
000000000052,1,improved_fp16_cache,52.42461013793945,0.9981340765953064,5.7218799156544264e-06,0.0002506610471755266
000000000052,2,improved_fp16_cache,49.368690490722656,0.9981822967529297,1.1564609849301632e-05,0.0003492807154543698
000000000053,0,improved_fp16_cache,45.90093994140625,0.9959377646446228,2.5698382160044275e-05,0.0020112674683332443
000000000053,1,improved_fp16_cache,49.34373092651367,0.9975286722183228,1.1631253983068746e-05,0.0009317559888586402
000000000053,2,improved_fp16_cache,47.194454193115234,0.9967719912528992,1.9078943296335638e-05,0.0012199075426906347
000000000054,0,improved_fp16_cache,46.11039733886719,0.997618556022644,2.4488392227794975e-05,0.0008649202063679695
000000000054,1,improved_fp16_cache,47.520626068115234,0.9981077909469604,1.769853406585753e-05,0.0007318703574128449
000000000054,2,improved_fp16_cache,48.05253601074219,0.9979869723320007,1.56583573698299e-05,0.0007598263910040259
000000000055,0,improved_fp16_cache,49.083072662353516,0.9974803328514099,1.2350722499832045e-05,0.001675911364145577
000000000055,1,improved_fp16_cache,51.42405319213867,0.9980537295341492,7.20434627510258e-06,0.0009158036555163562
000000000055,2,improved_fp16_cache,48.828102111816406,0.9971503615379333,1.3097528608341236e-05,0.0018007726175710559
000000000056,0,improved_fp16_cache,48.24093246459961,0.9982516169548035,1.49936240632087e-05,0.00043810094939544797
000000000056,1,improved_fp16_cache,44.999080657958984,0.9976071119308472,3.162945722579025e-05,0.0006461601005867124
000000000056,2,improved_fp16_cache,44.331329345703125,0.9971911907196045,3.6886456655338407e-05,0.0007293132366612554
000000000057,0,improved_fp16_cache,46.43354797363281,0.9986874461174011,2.27323889703257e-05,0.000416099326685071
000000000057,1,improved_fp16_cache,44.27593994140625,0.9979891180992126,3.73599432350602e-05,0.0005503536085598171
000000000057,2,improved_fp16_cache,44.59654998779297,0.9981407523155212,3.4701199183473364e-05,0.000688916421495378
000000000058,0,improved_fp16_cache,45.43312072753906,0.9957444071769714,2.8621210731216706e-05,0.001626159530133009
000000000058,1,improved_fp16_cache,48.36271286010742,0.9963715076446533,1.4579037269868422e-05,0.0014571561478078365
000000000058,2,improved_fp16_cache,47.27487564086914,0.9964402914047241,1.8728909708443098e-05,0.0014041742542758584
000000000059,0,improved_fp16_cache,54.0453987121582,0.9986944198608398,3.9396732063323725e-06,0.00020818336633965373
000000000059,1,improved_fp16_cache,47.58134078979492,0.9974724650382996,1.7452824977226555e-05,0.0005407779244706035
000000000059,2,improved_fp16_cache,48.417762756347656,0.9983479380607605,1.4395394828170538e-05,0.00040265137795358896
000000000060,0,improved_fp16_cache,55.425716400146484,0.9982483386993408,2.8670021947618807e-06,0.00045014129136689007
000000000060,1,improved_fp16_cache,55.81578063964844,0.9983201026916504,2.620726036184351e-06,0.000484108371892944
000000000060,2,improved_fp16_cache,50.95539093017578,0.9978750944137573,8.025286660995334e-06,0.0007142460090108216
000000000061,0,improved_fp16_cache,44.99222183227539,0.9973528385162354,3.167946124449372e-05,0.0012247823178768158
000000000061,1,improved_fp16_cache,47.23942947387695,0.9978856444358826,1.8882376025430858e-05,0.0008870885940268636
000000000061,2,improved_fp16_cache,45.2082405090332,0.9974880218505859,3.0142260584398173e-05,0.0010972068412229419
000000000062,0,improved_fp16_cache,51.003971099853516,0.998677134513855,7.936017937026918e-06,0.0004264988820068538
000000000062,1,improved_fp16_cache,51.56324768066406,0.9984652400016785,6.977097655180842e-06,0.00032393785659223795
000000000062,2,improved_fp16_cache,47.30896759033203,0.998192310333252,1.8582459233584814e-05,0.0004811428370885551
000000000063,0,improved_fp16_cache,47.025047302246094,0.9976527094841003,1.9837874788208865e-05,0.0009718462824821472
000000000063,1,improved_fp16_cache,42.65040969848633,0.9953801035881042,5.4319865739671513e-05,0.002434417838230729
000000000063,2,improved_fp16_cache,43.03102111816406,0.9956743121147156,4.976196214556694e-05,0.0015821256674826145
000000000064,0,improved_fp16_cache,46.598541259765625,0.9977997541427612,2.1884952730033547e-05,0.0009925379417836666
000000000064,1,improved_fp16_cache,45.30803680419922,0.9974817633628845,2.945750020444393e-05,0.0014050588943064213
000000000064,2,improved_fp16_cache,46.580650329589844,0.9979474544525146,2.1975298295728862e-05,0.0010918331099674106
000000000065,0,improved_fp16_cache,51.177001953125,0.9977868795394897,7.626051228726283e-06,0.0009187731193378568
000000000065,1,improved_fp16_cache,50.26138687133789,0.9974795579910278,9.415883141628001e-06,0.0013329032808542252
000000000065,2,improved_fp16_cache,49.80482482910156,0.9977459907531738,1.045965382218128e-05,0.0010794751578941941
000000000066,0,improved_fp16_cache,49.25831604003906,0.9981107711791992,1.186227655125549e-05,0.0004736314876936376
000000000066,1,improved_fp16_cache,45.09507751464844,0.9972851276397705,3.093799023190513e-05,0.0008963769651018083
000000000066,2,improved_fp16_cache,45.59834671020508,0.9975759983062744,2.755276182142552e-05,0.0008801518706604838
000000000067,0,improved_fp16_cache,46.44878005981445,0.9973244667053223,2.265278271806892e-05,0.0010752144735306501
000000000067,1,improved_fp16_cache,49.8219108581543,0.998215913772583,1.041858831740683e-05,0.0006273031467571855
000000000067,2,improved_fp16_cache,48.15768814086914,0.9978667497634888,1.5283780157915317e-05,0.0006584689253941178
000000000068,0,improved_fp16_cache,50.665496826171875,0.9976259469985962,8.579260793339927e-06,0.0009457942214794457
000000000068,1,improved_fp16_cache,50.96195983886719,0.997719407081604,8.013162187126e-06,0.0007887984393164515
000000000068,2,improved_fp16_cache,53.24348449707031,0.9981397390365601,4.7386142796312924e-06,0.0006072218529880047
000000000069,0,improved_fp16_cache,48.99601364135742,0.99835604429245,1.2600811714946758e-05,0.0007885119994170964
000000000069,1,improved_fp16_cache,51.22011184692383,0.9977296590805054,7.550725513283396e-06,0.0010289829224348068
000000000069,2,improved_fp16_cache,50.538818359375,0.9980640411376953,8.83320262801135e-06,0.0006675347685813904
000000000070,0,improved_fp16_cache,53.12681579589844,0.9982858896255493,4.867637926508905e-06,0.0003848180640488863
000000000070,1,improved_fp16_cache,51.2233772277832,0.9976223707199097,7.54505390432314e-06,0.0006166459061205387
000000000070,2,improved_fp16_cache,53.847469329833984,0.9979459643363953,4.1233734009438194e-06,0.0004965774132870138
000000000071,0,improved_fp16_cache,54.03960037231445,0.9988851547241211,3.944933723687427e-06,0.00013519964704755694
000000000071,1,improved_fp16_cache,56.16083526611328,0.998968780040741,2.420560804239358e-06,5.6862394558265805e-05
000000000071,2,improved_fp16_cache,51.03261947631836,0.9987781047821045,7.883844773459714e-06,0.0002383872924838215
000000000072,0,improved_fp16_cache,52.70390319824219,0.9979232549667358,5.365489414543845e-06,0.0004370654933154583
000000000072,1,improved_fp16_cache,49.64569091796875,0.9980635643005371,1.0850030776055064e-05,0.0006173994042910635
000000000072,2,improved_fp16_cache,52.102516174316406,0.9981993436813354,6.1623763940588105e-06,0.0003093214181717485
000000000073,0,improved_fp16_cache,52.69217300415039,0.9981490969657898,5.37999949301593e-06,0.00035132435732521117
000000000073,1,improved_fp16_cache,48.19939422607422,0.9961496591567993,1.5137724403757602e-05,0.0010552022140473127
000000000073,2,improved_fp16_cache,50.78659439086914,0.9977816343307495,8.34334878163645e-06,0.0004650622431654483
000000000074,0,improved_fp16_cache,51.56721878051758,0.9980828762054443,6.970723461563466e-06,0.001258286414667964
000000000074,1,improved_fp16_cache,54.79909896850586,0.9981343150138855,3.311996579213883e-06,0.0006564059294760227
000000000074,2,improved_fp16_cache,51.601173400878906,0.9978808164596558,6.916438451298745e-06,0.0008681504987180233
000000000075,0,improved_fp16_cache,48.461456298828125,0.9979612231254578,1.4251294487621635e-05,0.0005880662938579917
000000000075,1,improved_fp16_cache,52.606258392333984,0.9983934760093689,5.487493126565823e-06,0.0003327287267893553
000000000075,2,improved_fp16_cache,45.29975509643555,0.9973818063735962,2.951374335680157e-05,0.0010141971288248897
000000000076,0,improved_fp16_cache,49.82286834716797,0.9978756904602051,1.0416279110359028e-05,0.0005577302654273808
000000000076,1,improved_fp16_cache,46.40311050415039,0.9976875185966492,2.289227268192917e-05,0.0009661557851359248
000000000076,2,improved_fp16_cache,51.14673614501953,0.998193621635437,7.679377631575335e-06,0.0005944742588326335
000000000077,0,improved_fp16_cache,50.42023849487305,0.9981877207756042,9.07769936020486e-06,0.0008261136244982481
000000000077,1,improved_fp16_cache,49.40897750854492,0.9980367422103882,1.1457820619398262e-05,0.0008326902752742171
000000000077,2,improved_fp16_cache,42.25236892700195,0.9948257207870483,5.9533744206419215e-05,0.002942856401205063
000000000078,0,improved_fp16_cache,52.56201934814453,0.9977545142173767,5.5436753427784424e-06,0.0006112215342000127
000000000078,1,improved_fp16_cache,52.724082946777344,0.9975973963737488,5.340616098692408e-06,0.0007584430277347565
000000000078,2,improved_fp16_cache,51.2060432434082,0.9974939227104187,7.575227300549159e-06,0.0008646416245028377
000000000079,0,improved_fp16_cache,44.269073486328125,0.9951605796813965,3.741902037290856e-05,0.0016196153592318296
000000000079,1,improved_fp16_cache,52.215972900390625,0.9979910850524902,6.003472662996501e-06,0.0004890573909506202
000000000079,2,improved_fp16_cache,48.15210723876953,0.9968966841697693,1.530343433842063e-05,0.0009501667227596045
000000000080,0,improved_fp16_cache,50.17560577392578,0.9979338645935059,9.603710168448742e-06,0.0005039217066951096
000000000080,1,improved_fp16_cache,50.57869338989258,0.9978674650192261,8.752460416872054e-06,0.00040952672134153545
000000000080,2,improved_fp16_cache,52.86677169799805,0.9983701109886169,5.168003553990275e-06,0.00017701731121633202
000000000081,0,improved_fp16_cache,50.1859130859375,0.9982902407646179,9.580948244547471e-06,0.0007566814310848713
000000000081,1,improved_fp16_cache,50.252342224121094,0.9983047246932983,9.435516403755173e-06,0.0006430264329537749
000000000081,2,improved_fp16_cache,50.479618072509766,0.9981589317321777,8.954424629337154e-06,0.0007445124792866409
000000000082,0,improved_fp16_cache,41.93783950805664,0.9943414926528931,6.400528218364343e-05,0.002203506650403142
000000000082,1,improved_fp16_cache,48.237178802490234,0.9976428747177124,1.5006588910182472e-05,0.0005760446656495333
000000000082,2,improved_fp16_cache,46.768829345703125,0.997445821762085,2.1043442757218145e-05,0.0007296709809452295
000000000083,0,improved_fp16_cache,51.762508392333984,0.9985727071762085,6.664216925855726e-06,0.00028284863219596446
000000000083,1,improved_fp16_cache,53.81631851196289,0.9984278082847595,4.153057943767635e-06,0.0002851194585673511
000000000083,2,improved_fp16_cache,55.17818832397461,0.998778223991394,3.035155486941221e-06,0.00017783809744287282
000000000084,0,improved_fp16_cache,49.0540657043457,0.9983016848564148,1.2433498341124505e-05,0.00037598470225930214
000000000084,1,improved_fp16_cache,49.771934509277344,0.9980294108390808,1.0539163667999674e-05,0.000488404999487102
000000000084,2,improved_fp16_cache,46.72822952270508,0.9973055720329285,2.1241083231871016e-05,0.0009373901411890984
000000000085,0,improved_fp16_cache,53.194915771484375,0.9985836744308472,4.791901574208168e-06,0.000157865637447685
000000000085,1,improved_fp16_cache,51.76749038696289,0.9985396862030029,6.656571258645272e-06,0.00020575681992340833
000000000085,2,improved_fp16_cache,35.764156341552734,0.9950181245803833,0.000265206559561193,0.0040682354010641575
000000000086,0,improved_fp16_cache,43.04649353027344,0.9964503049850464,4.958499994245358e-05,0.0013224335853010416
000000000086,1,improved_fp16_cache,46.90599060058594,0.9974679946899414,2.0389226847328246e-05,0.0006810609484091401
000000000086,2,improved_fp16_cache,46.2787971496582,0.9972545504570007,2.3557024178444408e-05,0.0007182524423114955
000000000087,0,improved_fp16_cache,52.54220962524414,0.99868243932724,5.569017957895994e-06,0.00040606717811897397
000000000087,1,improved_fp16_cache,47.16061782836914,0.9980463981628418,1.9228187738917768e-05,0.0008476922521367669
000000000087,2,improved_fp16_cache,46.11040115356445,0.9981650710105896,2.4488370399922132e-05,0.0008114816737361252
000000000088,0,improved_fp16_cache,46.244529724121094,0.9973515272140503,2.374361974943895e-05,0.0007695357780903578
000000000088,1,improved_fp16_cache,44.26144027709961,0.9959864616394043,3.748482049559243e-05,0.0012290532467886806
000000000088,2,improved_fp16_cache,43.667266845703125,0.9960345029830933,4.298066414776258e-05,0.001704158028587699
000000000089,0,improved_fp16_cache,55.70457458496094,0.9985628128051758,2.688699396458105e-06,0.0002478007518220693
000000000089,1,improved_fp16_cache,51.4373664855957,0.9978963136672974,7.182289209595183e-06,0.00045677885646000504
000000000089,2,improved_fp16_cache,53.10344696044922,0.9979877471923828,4.893900950264651e-06,0.00035420089261606336
000000000090,0,improved_fp16_cache,44.088539123535156,0.9978481531143188,3.900729643646628e-05,0.0011500747641548514
000000000090,1,improved_fp16_cache,42.914588928222656,0.9981776475906372,5.111410791869275e-05,0.0003479081206023693
000000000090,2,improved_fp16_cache,50.692588806152344,0.9992443919181824,8.525913472112734e-06,0.0001573440240463242
000000000091,0,improved_fp16_cache,41.41886901855469,0.9948545694351196,7.212948548840359e-05,0.0020472239702939987
000000000091,1,improved_fp16_cache,47.363189697265625,0.9979493618011475,1.8351885955780745e-05,0.0004452079301699996
000000000091,2,improved_fp16_cache,46.04972457885742,0.9980887174606323,2.4832910639815964e-05,0.0005174936959519982
000000000092,0,improved_fp16_cache,48.75300598144531,0.998405933380127,1.3325989129953086e-05,0.000496669439598918
000000000092,1,improved_fp16_cache,45.48591613769531,0.9977728724479675,2.827538082783576e-05,0.0007899384363554418
000000000092,2,improved_fp16_cache,45.29999923706055,0.9963178038597107,2.951209717139136e-05,0.00214115297421813
000000000093,0,improved_fp16_cache,45.08399963378906,0.9953648447990417,3.101701440755278e-05,0.0018314620247110724
000000000093,1,improved_fp16_cache,49.43218231201172,0.9973686933517456,1.1396768968552351e-05,0.0007063066004775465
000000000093,2,improved_fp16_cache,47.11774826049805,0.9966083765029907,1.9418906958890148e-05,0.0010385412024334073
000000000094,0,improved_fp16_cache,48.57041549682617,0.9980018138885498,1.3898189536121208e-05,0.0006761371623724699
000000000094,1,improved_fp16_cache,51.4116096496582,0.998551070690155,7.225016361189773e-06,0.00035217750701121986
000000000094,2,improved_fp16_cache,49.39859390258789,0.9980985522270203,1.1485256436571945e-05,0.0005097363609820604
000000000095,0,improved_fp16_cache,45.86383056640625,0.9971358180046082,2.5918920073308982e-05,0.0011269982205703855
000000000095,1,improved_fp16_cache,48.545379638671875,0.9975910186767578,1.3978540664538741e-05,0.0010180347599089146
000000000095,2,improved_fp16_cache,49.19349670410156,0.9978237152099609,1.204065847559832e-05,0.0007029582047834992
000000000096,0,improved_fp16_cache,50.754859924316406,0.9985289573669434,8.404535947192926e-06,0.0004236551758367568
000000000096,1,improved_fp16_cache,48.706119537353516,0.9983164668083191,1.3470620615407825e-05,0.0005274427821859717
000000000096,2,improved_fp16_cache,49.89472198486328,0.9982179999351501,1.0245367775496561e-05,0.0006051439559087157
000000000097,0,improved_fp16_cache,45.35747146606445,0.9977378249168396,2.9124124921509065e-05,0.0006923124892637134
000000000097,1,improved_fp16_cache,44.552852630615234,0.9974572658538818,3.50521549989935e-05,0.0010019066976383328
000000000097,2,improved_fp16_cache,42.98954772949219,0.9974069595336914,5.023946869187057e-05,0.0011274544522166252
000000000098,0,improved_fp16_cache,46.804195404052734,0.9978660345077515,2.0872785171377473e-05,0.00035384471993893385
000000000098,1,improved_fp16_cache,52.375144958496094,0.9980980157852173,5.787428108305903e-06,0.00020898114598821849
000000000098,2,improved_fp16_cache,42.60737991333008,0.997754693031311,5.486077498062514e-05,0.0006078852456994355
000000000099,0,improved_fp16_cache,46.33197021484375,0.9969612956047058,2.3270347810466774e-05,0.001471511204726994
000000000099,1,improved_fp16_cache,49.69265365600586,0.9975792765617371,1.0733325325418264e-05,0.0010419043246656656
000000000099,2,improved_fp16_cache,49.416439056396484,0.9971489906311035,1.1438147339504212e-05,0.0014973293291404843
000000000100,0,improved_fp16_cache,50.4095344543457,0.9975530505180359,9.100109309656546e-06,0.0010258113034069538
000000000100,1,improved_fp16_cache,49.280296325683594,0.9973267316818237,1.1802399058069568e-05,0.001004109508357942
000000000100,2,improved_fp16_cache,49.042415618896484,0.9973137378692627,1.2466898624552414e-05,0.0010910974815487862
000000000101,0,improved_fp16_cache,47.57876205444336,0.9978086948394775,1.7463187759858556e-05,0.0004410708788782358
000000000101,1,improved_fp16_cache,46.81660461425781,0.9977763891220093,2.081322054436896e-05,0.0005264868959784508
000000000101,2,improved_fp16_cache,46.18277359008789,0.9979113936424255,2.408366162853781e-05,0.0005337031907401979
000000000102,0,improved_fp16_cache,47.42629623413086,0.9976191520690918,1.8087152056978084e-05,0.0007628801977261901
000000000102,1,improved_fp16_cache,47.45014572143555,0.9973549246788025,1.7988104445976205e-05,0.0009191319695673883
000000000102,2,improved_fp16_cache,51.515037536621094,0.9981381297111511,7.054984962451272e-06,0.0003954759449698031
000000000103,0,improved_fp16_cache,49.82796859741211,0.997231662273407,1.0404059139546007e-05,0.0007917757029645145
000000000103,1,improved_fp16_cache,48.925926208496094,0.9973556399345398,1.2805806363758165e-05,0.0009787073358893394
000000000103,2,improved_fp16_cache,49.26201248168945,0.9969558715820312,1.185218570753932e-05,0.0013731846120208502
000000000104,0,improved_fp16_cache,52.83401107788086,0.998729407787323,5.207133199292002e-06,0.0003729363961610943
000000000104,1,improved_fp16_cache,49.80320739746094,0.9979738593101501,1.0463544640515465e-05,0.0011476752115413547
000000000104,2,improved_fp16_cache,50.95879364013672,0.9981130361557007,8.019009328563698e-06,0.0008881738176569343
000000000105,0,improved_fp16_cache,43.274444580078125,0.9971444010734558,4.7049539716681466e-05,0.0014600565191358328
000000000105,1,improved_fp16_cache,42.78989791870117,0.9967331886291504,5.2602950745495036e-05,0.001840385957621038
000000000105,2,improved_fp16_cache,45.91380310058594,0.99815434217453,2.5622386601753533e-05,0.0010581912938505411
000000000106,0,improved_fp16_cache,51.25518798828125,0.9985641837120056,7.4899871833622456e-06,0.000573535799048841
000000000106,1,improved_fp16_cache,52.11855697631836,0.9986472129821777,6.139653578429716e-06,0.0004310915246605873
000000000106,2,improved_fp16_cache,51.393184661865234,0.9985922574996948,7.255737273226259e-06,0.0004258084809407592
000000000107,0,improved_fp16_cache,38.94386672973633,0.99382483959198,0.00012753014743793756,0.0030222004279494286
000000000107,1,improved_fp16_cache,44.06926727294922,0.9971287250518799,3.9180773455882445e-05,0.0013902754290029407
000000000107,2,improved_fp16_cache,49.45022964477539,0.9984447360038757,1.1349504347890615e-05,0.00026511208852753043
000000000108,0,improved_fp16_cache,45.00721740722656,0.9961935877799988,3.157024548272602e-05,0.0011147368932142854
000000000108,1,improved_fp16_cache,50.323081970214844,0.9978262782096863,9.283066901843995e-06,0.0006845449679531157
000000000108,2,improved_fp16_cache,51.88111114501953,0.997984766960144,6.48468267172575e-06,0.0005140369175933301
000000000109,0,improved_fp16_cache,46.4982795715332,0.9978565573692322,2.239606146758888e-05,0.0007474911399185658
000000000109,1,improved_fp16_cache,45.820682525634766,0.9968745708465576,2.6177693143836223e-05,0.001700983615592122
000000000109,2,improved_fp16_cache,45.411720275878906,0.9977401494979858,2.876259350159671e-05,0.0009489055373705924
000000000110,0,improved_fp16_cache,51.073028564453125,0.9977620840072632,7.810826900822576e-06,0.0006845734897069633
000000000110,1,improved_fp16_cache,51.009132385253906,0.9979531168937683,7.926592843432445e-06,0.0009510843083262444
000000000110,2,improved_fp16_cache,45.162315368652344,0.9971871376037598,3.04626883007586e-05,0.0010453363647684455
000000000111,0,improved_fp16_cache,48.1429328918457,0.9978146553039551,1.5335797797888517e-05,0.0008810365106910467
000000000111,1,improved_fp16_cache,47.40578842163086,0.9978655576705933,1.8172764612245373e-05,0.0008438978111371398
000000000111,2,improved_fp16_cache,44.892818450927734,0.9973067045211792,3.2412910513812676e-05,0.001143225352279842
000000000112,0,improved_fp16_cache,43.92858123779297,0.9978963732719421,4.047077527502552e-05,0.001316131791099906
000000000112,1,improved_fp16_cache,46.29969024658203,0.9982759952545166,2.3443959435098805e-05,0.0009371076594106853
000000000112,2,improved_fp16_cache,49.26904296875,0.9985822439193726,1.1833021744678263e-05,0.0006499000592157245
000000000113,0,improved_fp16_cache,48.18863296508789,0.99809730052948,1.5175271073530894e-05,0.0006534782005473971
000000000113,1,improved_fp16_cache,49.534976959228516,0.9981482028961182,1.1130175153084565e-05,0.0007760656299069524
000000000113,2,improved_fp16_cache,48.21208190917969,0.9979859590530396,1.5093549336597789e-05,0.0007742667221464217
000000000114,0,improved_fp16_cache,48.897586822509766,0.9979740381240845,1.2889658137282822e-05,0.0007173935300670564
000000000114,1,improved_fp16_cache,50.301483154296875,0.9974188804626465,9.329352906206623e-06,0.0005726228700950742
000000000114,2,improved_fp16_cache,50.226444244384766,0.9983334541320801,9.491953278484289e-06,0.0005004960694350302
000000000115,0,improved_fp16_cache,52.97310256958008,0.9973373413085938,5.043007604399463e-06,0.000547279545571655
000000000115,1,improved_fp16_cache,54.872642517089844,0.9980628490447998,3.25638188769517e-06,0.000655416923109442
000000000115,2,improved_fp16_cache,53.03644561767578,0.9978811144828796,4.969988822267624e-06,0.00069964345311746
000000000116,0,improved_fp16_cache,50.82126998901367,0.9988843202590942,8.27699841465801e-06,0.0005250159883871675
000000000116,1,improved_fp16_cache,50.41278076171875,0.9989618062973022,9.093303560803179e-06,0.00031381682492792606
000000000116,2,improved_fp16_cache,50.930206298828125,0.9990980625152588,8.071964657574426e-06,0.00030406907899305224
000000000117,0,improved_fp16_cache,43.194236755371094,0.9964865446090698,4.7926558181643486e-05,0.0015476519474759698
000000000117,1,improved_fp16_cache,43.831668853759766,0.9958502054214478,4.138403164688498e-05,0.0015338256489485502
000000000117,2,improved_fp16_cache,48.98130416870117,0.9979414939880371,1.2643557965930086e-05,0.0005396716296672821
000000000118,0,improved_fp16_cache,52.86440658569336,0.9982055425643921,5.170819349586964e-06,0.0005165434558875859
000000000118,1,improved_fp16_cache,52.19118881225586,0.9976908564567566,6.0378310990927275e-06,0.0006652544834651053
000000000118,2,improved_fp16_cache,50.37517166137695,0.9975797533988953,9.172385034617037e-06,0.0008569229394197464
000000000119,0,improved_fp16_cache,45.08339309692383,0.9963274002075195,3.1021336326375604e-05,0.002510451478883624
000000000119,1,improved_fp16_cache,51.14860916137695,0.9977707266807556,7.676072527829092e-06,0.0010229710023850203
000000000119,2,improved_fp16_cache,46.240901947021484,0.9972925186157227,2.37634467339376e-05,0.0018895422108471394
000000000120,0,improved_fp16_cache,47.18060302734375,0.9978155493736267,1.913987762236502e-05,0.0006024101166985929
000000000120,1,improved_fp16_cache,47.114585876464844,0.9974638819694519,1.943306597240735e-05,0.0006317315273918211
000000000120,2,improved_fp16_cache,48.19896697998047,0.9979947805404663,1.5139211427595e-05,0.0006539806490764022
000000000121,0,improved_fp16_cache,44.67009735107422,0.9957612752914429,3.411851866985671e-05,0.002115808892995119
000000000121,1,improved_fp16_cache,45.15972137451172,0.9964465498924255,3.0480876375804655e-05,0.00160594517365098
000000000121,2,improved_fp16_cache,46.93473434448242,0.9974284172058105,2.025472895184066e-05,0.0009446661570109427
000000000122,0,improved_fp16_cache,49.88402557373047,0.9976360201835632,1.0270633538311813e-05,0.0007615158101543784
000000000122,1,improved_fp16_cache,50.12727737426758,0.9978933334350586,9.711184247862548e-06,0.0006227491539902985
000000000122,2,improved_fp16_cache,46.09046936035156,0.9969245791435242,2.4601009499747306e-05,0.001216800999827683
000000000123,0,improved_fp16_cache,42.364505767822266,0.9961832761764526,5.801619772682898e-05,0.0012482362799346447
000000000123,1,improved_fp16_cache,48.009395599365234,0.997409999370575,1.581468131917063e-05,0.0008361688815057278
000000000123,2,improved_fp16_cache,46.968597412109375,0.9974133372306824,2.0097408196306787e-05,0.0009323477861471474
000000000124,0,improved_fp16_cache,51.05134582519531,0.9966861605644226,7.849916983104777e-06,0.001536486204713583
000000000124,1,improved_fp16_cache,50.0919303894043,0.9968134760856628,9.79053947958164e-06,0.0014198451535776258
000000000124,2,improved_fp16_cache,47.336299896240234,0.9953073263168335,1.8465872926753946e-05,0.0026995486114174128
000000000125,0,improved_fp16_cache,50.067169189453125,0.9984433054924011,9.846524335443974e-06,0.00038230480276979506
000000000125,1,improved_fp16_cache,50.697479248046875,0.9982950687408447,8.516312846040819e-06,0.0005211635143496096
000000000125,2,improved_fp16_cache,51.49996566772461,0.9986448287963867,7.079507213347824e-06,0.00040588132105767727
000000000126,0,improved_fp16_cache,49.85013961791992,0.9977600574493408,1.035108380165184e-05,0.0007067276746965945
000000000126,1,improved_fp16_cache,48.728084564208984,0.9979432821273804,1.3402665899775457e-05,0.0006270795711316168
000000000126,2,improved_fp16_cache,44.35939407348633,0.9962207078933716,3.6648863897426054e-05,0.0012005523312836885
000000000127,0,improved_fp16_cache,50.50675582885742,0.9984328150749207,8.898653504729737e-06,0.00041650611092336476
000000000127,1,improved_fp16_cache,50.00530242919922,0.9974039793014526,9.987790690502152e-06,0.0007025195518508554
000000000127,2,improved_fp16_cache,49.526268005371094,0.9980310201644897,1.1152525985380635e-05,0.000521548034157604
000000000128,0,improved_fp16_cache,48.54466247558594,0.9954147338867188,1.3980847143102437e-05,0.0009588038665242493
000000000128,1,improved_fp16_cache,44.9326057434082,0.9915390014648438,3.211733201169409e-05,0.0018043314339593053
000000000128,2,improved_fp16_cache,46.98762893676758,0.993966281414032,2.0009545551147312e-05,0.0012912093661725521
000000000129,0,improved_fp16_cache,49.47223663330078,0.9983226656913757,1.1292130693618674e-05,0.00033772431197576225
000000000129,1,improved_fp16_cache,49.022499084472656,0.9977909326553345,1.2524194062280003e-05,0.0005584546597674489
000000000129,2,improved_fp16_cache,50.64695739746094,0.998369574546814,8.615966180514079e-06,0.0003055015695281327
000000000130,0,improved_fp16_cache,49.39459991455078,0.9976813793182373,1.149581657955423e-05,0.0007053526351228356
000000000130,1,improved_fp16_cache,51.030181884765625,0.9979130625724792,7.88826491771033e-06,0.00045251051778905094
000000000130,2,improved_fp16_cache,53.523101806640625,0.9981212615966797,4.4431376409193035e-06,0.00040192235610447824
000000000131,0,improved_fp16_cache,45.28721618652344,0.9971618056297302,2.9599077606690116e-05,0.0010610307799652219
000000000131,1,improved_fp16_cache,47.40901565551758,0.9977990984916687,1.815927134884987e-05,0.0009116986766457558
000000000131,2,improved_fp16_cache,40.776275634765625,0.9942895770072937,8.363198867300525e-05,0.0028561647050082684
000000000132,0,improved_fp16_cache,47.079097747802734,0.9965392351150513,1.9592496755649336e-05,0.0016694195801392198
000000000132,1,improved_fp16_cache,50.476097106933594,0.9979037046432495,8.961699677456636e-06,0.0009173190337605774
000000000132,2,improved_fp16_cache,46.50556945800781,0.9971619844436646,2.2358517526299693e-05,0.0016760070575401187
000000000133,0,improved_fp16_cache,54.18023681640625,0.9981224536895752,3.819234279944794e-06,0.0006596475141122937
000000000133,1,improved_fp16_cache,48.11182403564453,0.9967730045318604,1.5446048564626835e-05,0.0012262181844562292
000000000133,2,improved_fp16_cache,49.268157958984375,0.9972633719444275,1.1835428267659154e-05,0.0013503406662493944
000000000134,0,improved_fp16_cache,47.81222915649414,0.9967784285545349,1.6549187421333045e-05,0.0005851211026310921
000000000134,1,improved_fp16_cache,52.79228210449219,0.9976059198379517,5.257408702163957e-06,0.0002982614387292415
000000000134,2,improved_fp16_cache,52.49664306640625,0.9975022077560425,5.627761765936157e-06,0.00025685131549835205
000000000135,0,improved_fp16_cache,53.539608001708984,0.9983133673667908,4.426281066116644e-06,0.000503312679938972
000000000135,1,improved_fp16_cache,54.20219039916992,0.9982547760009766,3.7999725464032963e-06,0.0006332234479486942
000000000135,2,improved_fp16_cache,50.5317268371582,0.9976536631584167,8.847634489939082e-06,0.0008462354307994246
000000000136,0,improved_fp16_cache,47.777381896972656,0.9971880912780762,1.6682512068655342e-05,0.0003417140687815845
000000000136,1,improved_fp16_cache,50.55953598022461,0.9970185160636902,8.791159416432492e-06,0.0004358153964858502
000000000136,2,improved_fp16_cache,51.53966522216797,0.9980069994926453,7.015093160589458e-06,0.00020676488929893821
000000000137,0,improved_fp16_cache,41.81743621826172,0.9943810701370239,6.580455374205485e-05,0.0034382420126348734
000000000137,1,improved_fp16_cache,42.34835433959961,0.996084451675415,5.8232355513609946e-05,0.002104497514665127
000000000137,2,improved_fp16_cache,44.58772659301758,0.996806800365448,3.4771797800203785e-05,0.0018622134812176228
000000000138,0,improved_fp16_cache,46.749534606933594,0.9965877532958984,2.1137149815331213e-05,0.0010799497831612825
000000000138,1,improved_fp16_cache,48.98237991333008,0.997816264629364,1.2640430213650689e-05,0.0007275816751644015
000000000138,2,improved_fp16_cache,48.80437088012695,0.9975862503051758,1.3169296835258137e-05,0.00075583066791296
000000000139,0,improved_fp16_cache,42.06705093383789,0.9970152378082275,6.212908920133486e-05,0.0010010374244302511
000000000139,1,improved_fp16_cache,46.17094802856445,0.9981074333190918,2.4149327146005817e-05,0.0007941428339108825
000000000139,2,improved_fp16_cache,41.216087341308594,0.996570348739624,7.55771980038844e-05,0.0014897313667461276
111000000000,0,improved_fp16_cache,45.96248245239258,0.9983425140380859,2.5336785256513394e-05,0.00032143801217898726
111000000000,1,improved_fp16_cache,44.13071823120117,0.9972969889640808,3.863027450279333e-05,0.0006711204187013209
111000000000,2,improved_fp16_cache,45.86977767944336,0.9978679418563843,2.5883447960950434e-05,0.00045541502186097205
111000000001,0,improved_fp16_cache,48.340049743652344,0.9981099963188171,1.465530203859089e-05,0.0003994904109276831
111000000001,1,improved_fp16_cache,47.9543342590332,0.9972413778305054,1.601644908078015e-05,0.0005809326539747417
111000000001,2,improved_fp16_cache,48.55495834350586,0.9976193308830261,1.3947742445452604e-05,0.0006597157334908843
111000000002,0,improved_fp16_cache,52.0810546875,0.998065710067749,6.192902219481766e-06,0.000503427698276937
111000000002,1,improved_fp16_cache,53.73361587524414,0.9981815218925476,4.232901574141579e-06,0.0002921265549957752
111000000002,2,improved_fp16_cache,50.353878021240234,0.9973005056381226,9.21747869142564e-06,0.0007634008070454001
111000000003,0,improved_fp16_cache,51.526466369628906,0.9978231191635132,7.036447641439736e-06,0.000795240979641676
111000000003,1,improved_fp16_cache,50.1423454284668,0.9978699088096619,9.677550224296283e-06,0.0004933458403684199
111000000003,2,improved_fp16_cache,50.6384391784668,0.9977765083312988,8.632880962977652e-06,0.0006209838902577758
111000000004,0,improved_fp16_cache,34.248268127441406,0.9870125651359558,0.0003759870305657387,0.003709346055984497
111000000004,1,improved_fp16_cache,47.68293762207031,0.9973540306091309,1.7049287635018118e-05,0.0003517040458973497
111000000004,2,improved_fp16_cache,48.68408203125,0.9979089498519897,1.353915922663873e-05,0.00026024910039268434
111000000005,0,improved_fp16_cache,48.14456558227539,0.9978369474411011,1.533004797238391e-05,0.0004767220816574991
111000000005,1,improved_fp16_cache,46.247962951660156,0.9977813959121704,2.3724845959804952e-05,0.000740858493372798
111000000005,2,improved_fp16_cache,49.233787536621094,0.9976212382316589,1.192946729133837e-05,0.0006635455647483468
111000000006,0,improved_fp16_cache,41.699302673339844,0.9983171224594116,6.761910481145605e-05,0.0008195045520551503
111000000006,1,improved_fp16_cache,54.473548889160156,0.9987971782684326,3.569809678083402e-06,0.0001462069631088525
111000000006,2,improved_fp16_cache,54.962928771972656,0.9987648725509644,3.1893862342258217e-06,9.781651897355914e-05
111000000007,0,improved_fp16_cache,48.98466873168945,0.9975836277008057,1.263376179849729e-05,0.0003506240900605917
111000000007,1,improved_fp16_cache,45.62801742553711,0.9974334239959717,2.7365173082216643e-05,0.00055842095753178
111000000007,2,improved_fp16_cache,48.601470947265625,0.997768759727478,1.379916284349747e-05,0.00046572202700190246
111000000008,0,improved_fp16_cache,41.35765838623047,0.9964596629142761,7.315329276025295e-05,0.0007659871480427682
111000000008,1,improved_fp16_cache,43.169925689697266,0.9959320425987244,4.8195604904321954e-05,0.0008128162589855492
111000000008,2,improved_fp16_cache,39.47002410888672,0.9961079359054565,0.00011297896708128974,0.0014376111794263124
111000000009,0,improved_fp16_cache,49.783992767333984,0.9986903071403503,1.0509948879189324e-05,0.0003681487578433007
111000000009,1,improved_fp16_cache,45.5162353515625,0.9976309537887573,2.8078635295969434e-05,0.0006186173413880169
111000000009,2,improved_fp16_cache,47.69562911987305,0.9985119700431824,1.6999540093820542e-05,0.0005917909438721836
112000000000,0,improved_fp16_cache,43.467769622802734,0.9975305795669556,4.500107024796307e-05,0.000936305383220315
112000000000,1,improved_fp16_cache,42.838096618652344,0.9970468878746033,5.20223802595865e-05,0.0013407293008640409
112000000000,2,improved_fp16_cache,43.919044494628906,0.9976839423179626,4.0559752960689366e-05,0.0009595060837455094
112000000001,0,improved_fp16_cache,50.82329177856445,0.9980602264404297,8.273146704596002e-06,0.00048489298205822706
112000000001,1,improved_fp16_cache,48.79019546508789,0.9977072477340698,1.3212355952418875e-05,0.0008038890664465725
112000000001,2,improved_fp16_cache,51.417266845703125,0.9981877207756042,7.215610366984038e-06,0.0005779482889920473
112000000002,0,improved_fp16_cache,50.60518264770508,0.9988328814506531,8.69925042934483e-06,0.00013047117681708187
112000000002,1,improved_fp16_cache,46.39348220825195,0.9982078075408936,2.29430734179914e-05,0.00017631064110901207
112000000002,2,improved_fp16_cache,52.45378494262695,0.9992688894271851,5.683571089321049e-06,5.200108716962859e-05
112000000003,0,improved_fp16_cache,43.016353607177734,0.998522937297821,4.993034599465318e-05,0.0008170055225491524
112000000003,1,improved_fp16_cache,40.230716705322266,0.9959591627120972,9.482618042966351e-05,0.001133462181314826
112000000003,2,improved_fp16_cache,45.28367233276367,0.9984126091003418,2.9623230147990398e-05,0.0006225781980901957
112000000004,0,improved_fp16_cache,49.88225555419922,0.9979032278060913,1.0274819032929372e-05,0.0004334959958214313
112000000004,1,improved_fp16_cache,51.835296630859375,0.9982878565788269,6.553457296831766e-06,0.00032847290276549757
112000000004,2,improved_fp16_cache,47.13552474975586,0.9973094463348389,1.9339591744937934e-05,0.0005250893882475793
112000000005,0,improved_fp16_cache,48.197898864746094,0.9982689619064331,1.5142926713451743e-05,0.0004808654775843024
112000000005,1,improved_fp16_cache,46.716556549072266,0.9978402853012085,2.129824679286685e-05,0.0007175932405516505
112000000005,2,improved_fp16_cache,43.08100128173828,0.9964745044708252,4.919259299640544e-05,0.0014575839741155505
112000000006,0,improved_fp16_cache,46.635719299316406,0.9988309741020203,2.1698417185689323e-05,0.000369859830243513
112000000006,1,improved_fp16_cache,46.69015884399414,0.9987935423851013,2.1428108084364794e-05,0.00029848143458366394
112000000006,2,improved_fp16_cache,40.412109375,0.9980975389480591,9.094716369872913e-05,0.0008618792053312063
112000000007,0,improved_fp16_cache,42.93869400024414,0.9970290064811707,5.0831225962610915e-05,0.0014215739211067557
112000000007,1,improved_fp16_cache,48.95549392700195,0.9980542063713074,1.2718924153887201e-05,0.0005018754163756967
112000000007,2,improved_fp16_cache,47.599639892578125,0.9981558322906494,1.737945422064513e-05,0.0006674963515251875
112000000008,0,improved_fp16_cache,50.35574722290039,0.9976171255111694,9.213508747052401e-06,0.00046439236029982567
112000000008,1,improved_fp16_cache,49.16874694824219,0.997957706451416,1.210947084473446e-05,0.0005070850602351129
112000000008,2,improved_fp16_cache,49.143646240234375,0.9979805946350098,1.2179654731880873e-05,0.00045471428893506527
112000000009,0,improved_fp16_cache,44.83561706542969,0.9978501200675964,3.2842654036358e-05,0.0007777075516059995
112000000009,1,improved_fp16_cache,49.66546630859375,0.9983571767807007,1.0800732525240164e-05,0.00039631588151678443
112000000009,2,improved_fp16_cache,47.609962463378906,0.9982331991195679,1.733817407512106e-05,0.0005818357458338141
113000000000,0,improved_fp16_cache,51.93523025512695,0.9978619813919067,6.404370651580393e-06,0.0008200593292713165
113000000000,1,improved_fp16_cache,51.02798843383789,0.9975396990776062,7.892253961472306e-06,0.0012316842330619693
113000000000,2,improved_fp16_cache,50.25222396850586,0.9979023933410645,9.43577106227167e-06,0.0009372769272886217
113000000001,0,improved_fp16_cache,53.980438232421875,0.9981082677841187,3.999042746727355e-06,0.0004768556682392955
113000000001,1,improved_fp16_cache,47.592105865478516,0.9973577857017517,1.740962761687115e-05,0.0008129788329824805
113000000001,2,improved_fp16_cache,52.0488395690918,0.99765944480896,6.239012236619601e-06,0.0005085371667519212
113000000002,0,improved_fp16_cache,48.61796188354492,0.997463583946228,1.3746855074714404e-05,0.0009211763390339911
113000000002,1,improved_fp16_cache,52.4736442565918,0.99802565574646,5.657641395373503e-06,0.0007840485195629299
113000000002,2,improved_fp16_cache,50.928123474121094,0.9979043006896973,8.075835467025172e-06,0.0008656928548589349
113000000003,0,improved_fp16_cache,51.94181823730469,0.9981359839439392,6.394670435838634e-06,0.00040969211841002107
113000000003,1,improved_fp16_cache,48.550437927246094,0.9980685114860535,1.3962271623313427e-05,0.00041746615897864103
113000000003,2,improved_fp16_cache,45.0149040222168,0.9962290525436401,3.151439887005836e-05,0.0010232314234599471
113000000004,0,improved_fp16_cache,50.6076774597168,0.9982824325561523,8.694244570506271e-06,0.00043636123882606626
113000000004,1,improved_fp16_cache,50.64387512207031,0.9984954595565796,8.622086170362309e-06,0.00034726742887869477
113000000004,2,improved_fp16_cache,50.680503845214844,0.9982999563217163,8.54967311170185e-06,0.00039882591227069497
113000000005,0,improved_fp16_cache,52.572818756103516,0.9974476099014282,5.529907866730355e-06,0.0005340478965081275
113000000005,1,improved_fp16_cache,52.17905044555664,0.9971358180046082,6.0547258726728614e-06,0.000868211267516017
113000000005,2,improved_fp16_cache,50.74851989746094,0.9967771768569946,8.416816854150966e-06,0.0009909848449751735
113000000006,0,improved_fp16_cache,48.047672271728516,0.9973982572555542,1.5675897884648293e-05,0.000819795299321413
113000000006,1,improved_fp16_cache,48.15009307861328,0.9974616765975952,1.5310532035073265e-05,0.0009633913869038224
113000000006,2,improved_fp16_cache,51.04020690917969,0.9979349374771118,7.870078661653679e-06,0.0004278940032236278
113000000007,0,improved_fp16_cache,44.464908599853516,0.9965866804122925,3.5769178793998435e-05,0.001114126294851303
113000000007,1,improved_fp16_cache,50.82477951049805,0.9981870651245117,8.270310900115874e-06,0.00033628405071794987
113000000007,2,improved_fp16_cache,44.963680267333984,0.99724280834198,3.188832852174528e-05,0.0010115313343703747
113000000008,0,improved_fp16_cache,42.636470794677734,0.9963525533676147,5.4494525102199987e-05,0.0015731065068393946
113000000008,1,improved_fp16_cache,47.51225662231445,0.9981006383895874,1.773267831595149e-05,0.0005716059822589159
113000000008,2,improved_fp16_cache,48.618804931640625,0.9985830783843994,1.3744193893217016e-05,0.0004268013290129602
113000000009,0,improved_fp16_cache,45.23884582519531,0.9967225790023804,2.9930577511549927e-05,0.0012600922491401434
113000000009,1,improved_fp16_cache,46.127967834472656,0.9965704679489136,2.4389502868871205e-05,0.0011146640172228217
113000000009,2,improved_fp16_cache,42.923057556152344,0.9955527186393738,5.101455099065788e-05,0.0019640945829451084
114000000000,0,improved_fp16_cache,45.94926452636719,0.9972774386405945,2.541400863265153e-05,0.000721454038284719
114000000000,1,improved_fp16_cache,47.43079376220703,0.9969587326049805,1.8068416466121562e-05,0.0008463640115223825
114000000000,2,improved_fp16_cache,47.94853210449219,0.9969369769096375,1.6037864043028094e-05,0.0010929522104561329
114000000001,0,improved_fp16_cache,49.25383758544922,0.9971795082092285,1.1874518349941354e-05,0.00034379359567537904
114000000001,1,improved_fp16_cache,52.221282958984375,0.9970044493675232,5.9961398619634565e-06,0.00016529951244592667
114000000001,2,improved_fp16_cache,50.43659591674805,0.9974607825279236,9.04357511899434e-06,0.00036155531415715814
114000000002,0,improved_fp16_cache,52.71277618408203,0.9982337355613708,5.354538643587148e-06,0.0004771885578520596
114000000002,1,improved_fp16_cache,49.81307601928711,0.9980191588401794,1.0439805009809788e-05,0.0006644944078288972
114000000002,2,improved_fp16_cache,48.64296340942383,0.9977215528488159,1.3667948223883286e-05,0.0009704376570880413
114000000003,0,improved_fp16_cache,45.58095932006836,0.996940553188324,2.7663287255563773e-05,0.0011418849462643266
114000000003,1,improved_fp16_cache,49.06132507324219,0.9975138902664185,1.2412731848598924e-05,0.0006263716495595872
114000000003,2,improved_fp16_cache,47.68976974487305,0.9975621104240417,1.7022475731209852e-05,0.0006634514429606497
114000000004,0,improved_fp16_cache,53.526885986328125,0.9982120990753174,4.439265467226505e-06,0.0005883749108761549
114000000004,1,improved_fp16_cache,53.16841506958008,0.9979547262191772,4.821233687835047e-06,0.0006140394834801555
114000000004,2,improved_fp16_cache,47.036354064941406,0.9969183802604675,1.9786288248724304e-05,0.0014249477535486221
114000000005,0,improved_fp16_cache,50.17585372924805,0.9980708956718445,9.603161743143573e-06,0.000544967595487833
114000000005,1,improved_fp16_cache,44.01044845581055,0.9952759146690369,3.971505429944955e-05,0.002359966980293393
114000000005,2,improved_fp16_cache,48.62787628173828,0.9977654814720154,1.3715526620217133e-05,0.0007051060674712062
114000000006,0,improved_fp16_cache,52.271366119384766,0.9979454874992371,5.927383881498827e-06,0.0005647251382470131
114000000006,1,improved_fp16_cache,48.07234573364258,0.9974857568740845,1.5587100278935395e-05,0.0008585253963246942
114000000006,2,improved_fp16_cache,49.712547302246094,0.9978925585746765,1.068428173311986e-05,0.000712639361154288
114000000007,0,improved_fp16_cache,50.38051223754883,0.9975842237472534,9.161120942735579e-06,0.0010170808527618647
114000000007,1,improved_fp16_cache,51.726844787597656,0.9979993104934692,6.719167231494794e-06,0.0007930659921839833
114000000007,2,improved_fp16_cache,49.71392059326172,0.9979544878005981,1.0680898412829265e-05,0.0008263149065896869
114000000008,0,improved_fp16_cache,50.294273376464844,0.998083233833313,9.34485888137715e-06,0.00048556647379882634
114000000008,1,improved_fp16_cache,50.631587982177734,0.998194694519043,8.64651065057842e-06,0.0004089977592229843
114000000008,2,improved_fp16_cache,50.2532844543457,0.9979259967803955,9.433463674213272e-06,0.000571798998862505
114000000009,0,improved_fp16_cache,50.695377349853516,0.9978154897689819,8.520439223502763e-06,0.0008014490595087409
114000000009,1,improved_fp16_cache,51.83560562133789,0.9982460737228394,6.552987997565651e-06,0.0005177587736397982
114000000009,2,improved_fp16_cache,50.24906539916992,0.9979382753372192,9.44263501878595e-06,0.0008099369588308036
121000000000,0,improved_fp16_cache,51.83704376220703,0.998400092124939,6.550817943207221e-06,0.0005929191247560084
121000000000,1,improved_fp16_cache,52.18110275268555,0.9982921481132507,6.051871878298698e-06,0.0007519673090428114
121000000000,2,improved_fp16_cache,49.625362396240234,0.9978575706481934,1.0900931556534488e-05,0.0011373321758583188
121000000001,0,improved_fp16_cache,41.20392990112305,0.9950980544090271,7.578913937322795e-05,0.0019812691025435925
121000000001,1,improved_fp16_cache,49.88297653198242,0.9975171089172363,1.0273118277837057e-05,0.0007586237043142319
121000000001,2,improved_fp16_cache,48.2803840637207,0.9970606565475464,1.4858029317110777e-05,0.001137073035351932
121000000002,0,improved_fp16_cache,46.9061393737793,0.9975961446762085,2.0388522898429073e-05,0.0008272477425634861
121000000002,1,improved_fp16_cache,49.457523345947266,0.9972342252731323,1.1330458619340789e-05,0.0008935101795941591
121000000002,2,improved_fp16_cache,47.92490768432617,0.9977328181266785,1.6125350157381035e-05,0.0007449848344549537
121000000003,0,improved_fp16_cache,50.38815689086914,0.9985176920890808,9.145007425104268e-06,0.0005649402155540884
121000000003,1,improved_fp16_cache,49.166542053222656,0.9977173805236816,1.2115611752960831e-05,0.0008134180097840726
121000000003,2,improved_fp16_cache,48.50997543334961,0.9980219602584839,1.409295782650588e-05,0.0008374097524210811
121000000004,0,improved_fp16_cache,48.203712463378906,0.9974737167358398,1.5122667718969751e-05,0.0005609305226244032
121000000004,1,improved_fp16_cache,51.0889892578125,0.9979481101036072,7.782177817716729e-06,0.00044626821181736887
121000000004,2,improved_fp16_cache,44.19535446166992,0.9956342577934265,3.805958112934604e-05,0.0012449093628674746
121000000005,0,improved_fp16_cache,51.58300018310547,0.9980060458183289,6.945438144612126e-06,0.0009871241636574268
121000000005,1,improved_fp16_cache,51.595428466796875,0.9977585673332214,6.9255897869879846e-06,0.0005832481547258794
121000000005,2,improved_fp16_cache,49.30543518066406,0.9978625178337097,1.1734268809959758e-05,0.0006758930394425988
121000000006,0,improved_fp16_cache,50.38433074951172,0.9980939626693726,9.153064638667274e-06,0.000544923881534487
121000000006,1,improved_fp16_cache,50.202789306640625,0.9980462789535522,9.543793566990644e-06,0.0005574269453063607
121000000006,2,improved_fp16_cache,48.96831512451172,0.9978124499320984,1.2681436601269525e-05,0.0005579012213274837
121000000007,0,improved_fp16_cache,48.76411819458008,0.9981509447097778,1.3291925824887585e-05,0.0007576270145364106
121000000007,1,improved_fp16_cache,46.799232482910156,0.9973002672195435,2.089664303639438e-05,0.0012256867485120893
121000000007,2,improved_fp16_cache,48.78428268432617,0.9979320764541626,1.3230346667114645e-05,0.0006728941225446761
121000000008,0,improved_fp16_cache,43.17335891723633,0.9972941279411316,4.8157526180148125e-05,0.0009643580997362733
121000000008,1,improved_fp16_cache,46.19210433959961,0.9980112314224243,2.4031958673731424e-05,0.0007243338041007519
121000000008,2,improved_fp16_cache,48.2183952331543,0.9986510276794434,1.507162960479036e-05,0.0004742522432934493
121000000009,0,improved_fp16_cache,48.74048614501953,0.9975043535232544,1.3364454389375169e-05,0.0005533014773391187
121000000009,1,improved_fp16_cache,49.86588668823242,0.9976959228515625,1.0313616257917602e-05,0.0005802746745757759
121000000009,2,improved_fp16_cache,45.36796951293945,0.9963550567626953,2.905380642914679e-05,0.00140052055940032
122000000000,0,improved_fp16_cache,49.075927734375,0.9979017972946167,1.2371058801363688e-05,0.0006514305714517832
122000000000,1,improved_fp16_cache,47.40864944458008,0.9976732134819031,1.816079566197004e-05,0.0007899642805568874
122000000000,2,improved_fp16_cache,48.58061981201172,0.9985062479972839,1.3865571418136824e-05,0.0004742749151773751
122000000001,0,improved_fp16_cache,51.15578079223633,0.998616099357605,7.663401447643992e-06,0.0003164457157254219
122000000001,1,improved_fp16_cache,45.91453552246094,0.9979695677757263,2.561804467404727e-05,0.0009587105014361441
122000000001,2,improved_fp16_cache,44.90113067626953,0.9978818893432617,3.2350904803024605e-05,0.0006274435436353087
122000000002,0,improved_fp16_cache,50.34566116333008,0.9982179999351501,9.234922799805645e-06,0.0004657690296880901
122000000002,1,improved_fp16_cache,41.96623992919922,0.9970353841781616,6.358812242979184e-05,0.001525179948657751
122000000002,2,improved_fp16_cache,53.395530700683594,0.9983848333358765,4.575583716359688e-06,0.0004204581491649151
122000000003,0,improved_fp16_cache,46.36894607543945,0.9971665740013123,2.3073056581779383e-05,0.0008791984291747212
122000000003,1,improved_fp16_cache,47.607032775878906,0.997515082359314,1.7349886547890492e-05,0.000843509566038847
122000000003,2,improved_fp16_cache,47.0207633972168,0.9978379607200623,1.9857447114191018e-05,0.0007662041462026536
122000000004,0,improved_fp16_cache,50.29047393798828,0.99813312292099,9.353033419756684e-06,0.0005851069581694901
122000000004,1,improved_fp16_cache,50.80516815185547,0.9982203245162964,8.307739335577935e-06,0.0004472758446354419
122000000004,2,improved_fp16_cache,52.1378288269043,0.9984318614006042,6.112471965025179e-06,0.00036909617483615875
122000000005,0,improved_fp16_cache,47.79578399658203,0.9972741007804871,1.6611978935543448e-05,0.0007014338043518364
122000000005,1,improved_fp16_cache,49.18368911743164,0.9977624416351318,1.2067878742527682e-05,0.0006864442839287221
122000000005,2,improved_fp16_cache,50.091819763183594,0.9982285499572754,9.790794138098136e-06,0.0004919578786939383
122000000006,0,improved_fp16_cache,44.83081817626953,0.9971465468406677,3.287896470283158e-05,0.0007995228515937924
122000000006,1,improved_fp16_cache,46.349815368652344,0.9968003034591675,2.3174921807367355e-05,0.0011510585900396109
122000000006,2,improved_fp16_cache,41.29550552368164,0.9950622320175171,7.420770270982757e-05,0.002082031685858965
122000000007,0,improved_fp16_cache,49.17203140258789,0.9977426528930664,1.2100320418539923e-05,0.0008586372714489698
122000000007,1,improved_fp16_cache,46.75568389892578,0.9974023699760437,2.110723107762169e-05,0.0018339245580136776
122000000007,2,improved_fp16_cache,45.762298583984375,0.9971498250961304,2.6531992261880077e-05,0.0014479359379038215
122000000008,0,improved_fp16_cache,50.19203186035156,0.9980131983757019,9.56745589064667e-06,0.0005113620427437127
122000000008,1,improved_fp16_cache,46.839420318603516,0.9972057342529297,2.0704181224573404e-05,0.0010451189009472728
122000000008,2,improved_fp16_cache,50.32864761352539,0.9981126189231873,9.271177077607717e-06,0.0005327470717020333
122000000009,0,improved_fp16_cache,46.54102325439453,0.9977001547813416,2.217673318227753e-05,0.001270284759812057
122000000009,1,improved_fp16_cache,47.027610778808594,0.9977952837944031,1.982616049645003e-05,0.0008276556618511677
122000000009,2,improved_fp16_cache,51.87675094604492,0.9983426332473755,6.491194653790444e-06,0.0005528441397473216
